2.024395697102058037e-02,-0.000000000000000000e+00,0.000000000000000000e+00,-0.000000000000000000e+00,1.456797193189406925e-01,-0.000000000000000000e+00,-6.178347755754134418e-01,1.003124300813908187e-01,1.000000000000000000e+00
0.000000000000000000e+00,0.000000000000000000e+00,0.000000000000000000e+00,-0.000000000000000000e+00,6.744356603214533841e-02,-1.780742799272673829e-02,-4.924997818167231034e-01,3.516675974464241738e-01,1.000000000000000000e+00
0.000000000000000000e+00,-0.000000000000000000e+00,0.000000000000000000e+00,-0.000000000000000000e+00,8.826406143832471463e-02,-0.000000000000000000e+00,-5.038257308687241753e-01,2.900463289324752836e-01,1.000000000000000000e+00
0.000000000000000000e+00,0.000000000000000000e+00,0.000000000000000000e+00,-1.229603620232453624e-03,8.286574587165877748e-02,-3.884437050057704816e-02,-4.997186876930075905e-01,2.550825771451783464e-01,1.000000000000000000e+00
0.000000000000000000e+00,-0.000000000000000000e+00,0.000000000000000000e+00,-1.709432910887058801e-02,4.260573027424430226e-02,-0.000000000000000000e+00,-4.607332950974719066e-01,3.726888351594980220e-01,1.000000000000000000e+00
-0.000000000000000000e+00,-0.000000000000000000e+00,-2.468261606522223310e-03,-0.000000000000000000e+00,-0.000000000000000000e+00,-0.000000000000000000e+00,3.514730811149484602e-01,1.129623561227522744e-03,1.000000000000000000e+00
-3.350237381400433812e-02,-1.635300835537659425e-01,-0.000000000000000000e+00,-0.000000000000000000e+00,-0.000000000000000000e+00,-0.000000000000000000e+00,2.357923588196207121e-01,1.719162106172359150e-01,1.000000000000000000e+00
-2.546823896148775468e-02,-2.643171497337964970e-01,-1.384349495721343415e-01,-0.000000000000000000e+00,-0.000000000000000000e+00,-0.000000000000000000e+00,6.113428082208202663e-02,1.543056917815883722e-01,1.000000000000000000e+00
-6.662013188896800941e-02,-8.841781565299419721e-02,-1.313621529572327890e-02,-0.000000000000000000e+00,-1.404869861679773808e-04,-0.000000000000000000e+00,1.062792994331634988e-01,1.559128982388038043e-01,1.000000000000000000e+00
-3.931706455477661927e-02,-8.399419197721399999e-02,-2.336561962520712979e-02,-0.000000000000000000e+00,-0.000000000000000000e+00,0.000000000000000000e+00,2.978161489500132375e-01,1.809193754689985278e-01,1.000000000000000000e+00
-7.582074623910817213e-02,-1.032086016988146594e-02,-6.979521082233634821e-02,-0.000000000000000000e+00,-0.000000000000000000e+00,0.000000000000000000e+00,0.000000000000000000e+00,3.452694011555546560e-01,1.000000000000000000e+00
-3.940777404625177976e-02,-1.756621679821030180e-01,-7.483508371103346490e-02,0.000000000000000000e+00,-0.000000000000000000e+00,-0.000000000000000000e+00,0.000000000000000000e+00,3.648501443599485583e-01,1.000000000000000000e+00
0.000000000000000000e+00,-0.000000000000000000e+00,-0.000000000000000000e+00,-0.000000000000000000e+00,-0.000000000000000000e+00,0.000000000000000000e+00,-0.000000000000000000e+00,4.149137796594903893e-01,1.000000000000000000e+00
0.000000000000000000e+00,-8.040346567840546410e-02,-0.000000000000000000e+00,0.000000000000000000e+00,-0.000000000000000000e+00,0.000000000000000000e+00,0.000000000000000000e+00,4.912174012971419756e-01,1.000000000000000000e+00
-7.802745728319743224e-02,0.000000000000000000e+00,-0.000000000000000000e+00,-0.000000000000000000e+00,-0.000000000000000000e+00,0.000000000000000000e+00,-0.000000000000000000e+00,3.892145272823789859e-01,1.000000000000000000e+00
0.000000000000000000e+00,-0.000000000000000000e+00,-0.000000000000000000e+00,-0.000000000000000000e+00,2.801797528130919868e-01,-0.000000000000000000e+00,-1.951435448819270058e-01,-1.933725959013838647e-01,1.000000000000000000e+00
0.000000000000000000e+00,-0.000000000000000000e+00,0.000000000000000000e+00,-5.675588275485950185e-02,1.696155171940526007e-01,-0.000000000000000000e+00,-3.313048418115433491e-01,-0.000000000000000000e+00,1.000000000000000000e+00
0.000000000000000000e+00,-0.000000000000000000e+00,8.481870280871774484e-03,-0.000000000000000000e+00,1.498469727421691822e-01,-0.000000000000000000e+00,-2.090559896197553003e-01,-2.495949757977797556e-01,1.000000000000000000e+00
0.000000000000000000e+00,-0.000000000000000000e+00,-0.000000000000000000e+00,-0.000000000000000000e+00,2.466723678808500353e-01,-2.557106187601552311e-02,-2.964045302462260389e-01,-1.416436453618887259e-01,1.000000000000000000e+00
2.382106431085592724e-02,-0.000000000000000000e+00,-0.000000000000000000e+00,-0.000000000000000000e+00,2.542259073550796056e-01,-0.000000000000000000e+00,-4.132018834076077174e-01,-0.000000000000000000e+00,1.000000000000000000e+00
-0.000000000000000000e+00,-0.000000000000000000e+00,-1.048032030510339524e-02,-0.000000000000000000e+00,-0.000000000000000000e+00,0.000000000000000000e+00,5.638192992405036130e-02,7.880620957650590341e-01,1.000000000000000000e+00
0.000000000000000000e+00,-0.000000000000000000e+00,-3.649172342777887157e-02,-4.299435881006656579e-02,-0.000000000000000000e+00,0.000000000000000000e+00,2.767898210261188763e-01,6.602097036239823469e-01,1.000000000000000000e+00
-0.000000000000000000e+00,-1.227928734054890975e-01,-0.000000000000000000e+00,-9.399247274995985169e-02,-0.000000000000000000e+00,0.000000000000000000e+00,2.492320175843583119e-01,5.916589260102049774e-01,1.000000000000000000e+00
0.000000000000000000e+00,-2.875969923677795248e-01,-0.000000000000000000e+00,-0.000000000000000000e+00,-0.000000000000000000e+00,-0.000000000000000000e+00,1.214405432758173808e-01,3.380336561753987668e-01,1.000000000000000000e+00
0.000000000000000000e+00,-0.000000000000000000e+00,-6.464997790621954121e-02,-4.771668539628347999e-02,-0.000000000000000000e+00,0.000000000000000000e+00,1.459412802585720870e-01,7.287844330262910342e-01,1.000000000000000000e+00
0.000000000000000000e+00,-0.000000000000000000e+00,-7.095935594471258073e-03,-0.000000000000000000e+00,1.976498290888792086e-01,-0.000000000000000000e+00,-4.652855753043628195e-01,2.390711290725737737e-01,1.000000000000000000e+00
0.000000000000000000e+00,-0.000000000000000000e+00,-0.000000000000000000e+00,-0.000000000000000000e+00,2.383750626997436228e-01,-0.000000000000000000e+00,-5.258665793997457927e-01,2.270222313575283313e-01,1.000000000000000000e+00
0.000000000000000000e+00,-3.094726986266983781e-02,-0.000000000000000000e+00,-1.779613670111016791e-03,2.810004915379450963e-01,-0.000000000000000000e+00,-4.980113537485931774e-01,5.626727778737354579e-02,1.000000000000000000e+00
0.000000000000000000e+00,-1.454461228753379243e-01,-3.952558327628646895e-02,-0.000000000000000000e+00,3.890702938236150765e-01,-0.000000000000000000e+00,-2.106276321472830004e-01,2.220678474244889844e-01,1.000000000000000000e+00
0.000000000000000000e+00,-3.632499990553867547e-02,-0.000000000000000000e+00,-4.433785991051562153e-02,2.791559447149488116e-01,-0.000000000000000000e+00,-4.882209081061205658e-01,0.000000000000000000e+00,1.000000000000000000e+00
-2.992279322994336188e-01,-3.960907424970972479e-01,-0.000000000000000000e+00,-0.000000000000000000e+00,0.000000000000000000e+00,-0.000000000000000000e+00,-0.000000000000000000e+00,1.322208266321584225e-01,1.000000000000000000e+00
-2.475994230246188477e-01,-3.197897914517705553e-01,-0.000000000000000000e+00,-0.000000000000000000e+00,6.821699900558129970e-02,-0.000000000000000000e+00,-1.647535976725400253e-01,1.817090814552050348e-01,1.000000000000000000e+00
-1.648206502138644669e-01,-4.352536582581681968e-01,0.000000000000000000e+00,-0.000000000000000000e+00,0.000000000000000000e+00,0.000000000000000000e+00,-1.537049235743921938e-01,1.557409079094876914e-01,1.000000000000000000e+00
-2.234414030752642985e-02,-4.864358955043034394e-01,-0.000000000000000000e+00,-0.000000000000000000e+00,0.000000000000000000e+00,0.000000000000000000e+00,-1.889879436042531113e-01,1.621868326042188724e-01,1.000000000000000000e+00
-1.245949392869652728e-01,-4.309523949334006510e-01,-0.000000000000000000e+00,-1.252154454860989440e-02,1.948830957828634469e-02,0.000000000000000000e+00,-0.000000000000000000e+00,1.668623353666080777e-01,1.000000000000000000e+00
-4.742336366711231987e-02,1.556379727507831434e-01,8.498913491711326818e-02,-0.000000000000000000e+00,-0.000000000000000000e+00,-0.000000000000000000e+00,0.000000000000000000e+00,0.000000000000000000e+00,1.000000000000000000e+00
-1.267114621548347253e-01,0.000000000000000000e+00,7.065836402309882969e-02,-9.227738822925758005e-03,-0.000000000000000000e+00,0.000000000000000000e+00,-0.000000000000000000e+00,2.467529944279759635e-01,1.000000000000000000e+00
-1.207704140679710797e-01,1.415150883407915831e-02,1.276914803845092816e-01,-0.000000000000000000e+00,-0.000000000000000000e+00,-0.000000000000000000e+00,-0.000000000000000000e+00,2.351855065975248238e-01,1.000000000000000000e+00
-2.007382432418254037e-01,5.142342755917165414e-02,2.774832268557625783e-02,-0.000000000000000000e+00,-0.000000000000000000e+00,0.000000000000000000e+00,-0.000000000000000000e+00,1.550073874118938488e-01,1.000000000000000000e+00
-2.168723347649149369e-01,0.000000000000000000e+00,-0.000000000000000000e+00,-0.000000000000000000e+00,-0.000000000000000000e+00,0.000000000000000000e+00,-0.000000000000000000e+00,4.630726420961864265e-02,1.000000000000000000e+00
-0.000000000000000000e+00,2.777682646252053744e-01,0.000000000000000000e+00,-1.031337563790422907e-02,0.000000000000000000e+00,0.000000000000000000e+00,0.000000000000000000e+00,-0.000000000000000000e+00,1.000000000000000000e+00
-0.000000000000000000e+00,2.824353939310075834e-01,1.179327869104315196e-01,-0.000000000000000000e+00,-0.000000000000000000e+00,0.000000000000000000e+00,-0.000000000000000000e+00,-4.361548998437599772e-02,1.000000000000000000e+00
-5.732043857597409614e-02,3.211765779796779130e-01,2.829030913187126350e-02,0.000000000000000000e+00,-0.000000000000000000e+00,2.230622523355441783e-02,1.272319969237953041e-01,-5.296673103190228243e-02,1.000000000000000000e+00
-8.984071057745605937e-02,0.000000000000000000e+00,6.062039897495583723e-02,0.000000000000000000e+00,0.000000000000000000e+00,0.000000000000000000e+00,0.000000000000000000e+00,-0.000000000000000000e+00,1.000000000000000000e+00
-3.622094877591782586e-02,2.170466028045113793e-01,1.607733428635154393e-01,-0.000000000000000000e+00,-0.000000000000000000e+00,0.000000000000000000e+00,0.000000000000000000e+00,-0.000000000000000000e+00,1.000000000000000000e+00
-0.000000000000000000e+00,-2.282301872240968255e-01,6.691619611117230471e-02,-0.000000000000000000e+00,1.105852494267656055e-01,0.000000000000000000e+00,0.000000000000000000e+00,4.984463201646361363e-01,1.000000000000000000e+00
0.000000000000000000e+00,-0.000000000000000000e+00,1.340616837592771733e-02,-0.000000000000000000e+00,3.138676872260407480e-01,-0.000000000000000000e+00,-2.680467064941709568e-02,3.606158493018171707e-02,1.000000000000000000e+00
-0.000000000000000000e+00,-2.237478188496369591e-01,3.650199984500859113e-02,-0.000000000000000000e+00,2.741122922547428731e-01,0.000000000000000000e+00,0.000000000000000000e+00,3.290811246483103525e-01,1.000000000000000000e+00
-0.000000000000000000e+00,-9.510070125204926617e-02,2.516433596619628565e-02,0.000000000000000000e+00,1.090756439460621313e-01,0.000000000000000000e+00,0.000000000000000000e+00,5.071864095164005937e-01,1.000000000000000000e+00
-3.900879937320695517e-02,-1.538645096262278578e-01,9.662298316667516929e-02,0.000000000000000000e+00,4.179920596999458365e-02,0.000000000000000000e+00,0.000000000000000000e+00,5.508351797539040584e-01,1.000000000000000000e+00
0.000000000000000000e+00,1.980173445158697199e-01,5.224107814809860612e-02,-0.000000000000000000e+00,0.000000000000000000e+00,1.310713443925589153e-02,3.875916199579547694e-01,4.737223529658070587e-01,1.000000000000000000e+00
-0.000000000000000000e+00,0.000000000000000000e+00,2.157377745417069781e-01,-1.417926437119453389e-02,0.000000000000000000e+00,0.000000000000000000e+00,2.771556054144034276e-01,3.082485279487365837e-01,1.000000000000000000e+00
-0.000000000000000000e+00,6.490800549281446064e-02,1.959699668842025122e-01,-0.000000000000000000e+00,-1.044383925039032296e-02,0.000000000000000000e+00,1.584544377168261298e-01,2.288678244336125878e-01,1.000000000000000000e+00
-0.000000000000000000e+00,2.271063903271793860e-01,1.456270611044964969e-01,0.000000000000000000e+00,-0.000000000000000000e+00,-0.000000000000000000e+00,8.380683672525079952e-02,1.298411073484141420e-01,1.000000000000000000e+00
-4.855365837027271481e-02,3.625757184598336069e-01,9.829256996904833787e-02,-0.000000000000000000e+00,0.000000000000000000e+00,0.000000000000000000e+00,1.982436373577619870e-01,0.000000000000000000e+00,1.000000000000000000e+00
0.000000000000000000e+00,-1.700367394840550939e-01,0.000000000000000000e+00,-0.000000000000000000e+00,3.868937785486083469e-01,-0.000000000000000000e+00,-2.482005475406506290e-01,0.000000000000000000e+00,1.000000000000000000e+00
0.000000000000000000e+00,-2.525745959120512252e-01,2.621018551286692921e-01,-0.000000000000000000e+00,3.229560720109771466e-01,-0.000000000000000000e+00,-8.202517616555640712e-02,7.561268058620179700e-02,1.000000000000000000e+00
0.000000000000000000e+00,-2.880962566246968448e-01,1.997228082133999105e-01,-0.000000000000000000e+00,3.330528484092059593e-01,-0.000000000000000000e+00,-6.734169119949681703e-02,1.490610737068234493e-01,1.000000000000000000e+00
0.000000000000000000e+00,-2.664957619256381749e-01,2.828006403913544964e-01,-5.683024669189237071e-02,3.402147434036588147e-01,-0.000000000000000000e+00,-2.050819619330555496e-02,0.000000000000000000e+00,1.000000000000000000e+00
0.000000000000000000e+00,-2.376316072698487769e-01,2.756953657675655922e-01,-0.000000000000000000e+00,3.453365492877440435e-01,-0.000000000000000000e+00,-8.627046396046762766e-02,2.396957887999839540e-02,1.000000000000000000e+00
-0.000000000000000000e+00,-0.000000000000000000e+00,0.000000000000000000e+00,-3.780687330749681330e-01,2.431920837946252578e-01,-0.000000000000000000e+00,-2.640757513579481963e-01,1.172936362933412607e-02,1.000000000000000000e+00
0.000000000000000000e+00,-0.000000000000000000e+00,0.000000000000000000e+00,7.670713183952510006e-02,3.672561083397264392e-01,0.000000000000000000e+00,-4.235051817017492781e-01,3.672534827834823823e-02,1.000000000000000000e+00
-0.000000000000000000e+00,-0.000000000000000000e+00,0.000000000000000000e+00,-3.365284496781039136e-01,2.357838020150525016e-01,-0.000000000000000000e+00,-2.220882736501649524e-01,1.412707107476992574e-01,1.000000000000000000e+00
-0.000000000000000000e+00,-1.976864222002596913e-02,0.000000000000000000e+00,1.062218118485619006e-01,4.110263572930257792e-01,0.000000000000000000e+00,-2.775168213629259362e-01,1.365369958292998731e-01,1.000000000000000000e+00
-0.000000000000000000e+00,-8.725695259059168540e-03,0.000000000000000000e+00,-3.501618915235495955e-01,1.220544117674584872e-01,-0.000000000000000000e+00,-3.147554286248379629e-01,1.452989376893254470e-01,1.000000000000000000e+00
-5.801777003237910263e-02,-9.424789520751537808e-02,-2.816612493515151527e-01,-0.000000000000000000e+00,-0.000000000000000000e+00,0.000000000000000000e+00,5.155079487743574607e-02,4.919858973459985130e-01,1.000000000000000000e+00
-1.224881558727648201e-01,-2.004442032456982270e-02,-4.720359015550550097e-02,-0.000000000000000000e+00,-0.000000000000000000e+00,0.000000000000000000e+00,4.569919212779336771e-04,6.429166550457916518e-01,1.000000000000000000e+00
-1.452192341091123329e-01,-4.195909483284281788e-02,-2.190230893740136714e-02,0.000000000000000000e+00,-0.000000000000000000e+00,0.000000000000000000e+00,4.851903565660289908e-02,5.278855398106478969e-01,1.000000000000000000e+00
-1.979031950737344947e-01,-4.345480007459263938e-02,-0.000000000000000000e+00,0.000000000000000000e+00,-0.000000000000000000e+00,0.000000000000000000e+00,1.300690800707790529e-02,6.327971844118759348e-01,1.000000000000000000e+00
-4.714108717082687167e-02,-0.000000000000000000e+00,-7.514650641570028156e-02,-1.883790004984640248e-02,-0.000000000000000000e+00,0.000000000000000000e+00,5.136248028202832633e-02,6.667643909221071530e-01,1.000000000000000000e+00
-1.802269262811074385e-02,0.000000000000000000e+00,-0.000000000000000000e+00,-1.251699197466859398e-02,-1.857726750688349152e-02,0.000000000000000000e+00,2.565677506777530592e-01,6.749155296409491411e-01,1.000000000000000000e+00
-2.112056030958624209e-02,0.000000000000000000e+00,-6.941195178452166936e-02,-0.000000000000000000e+00,-1.472899873438843557e-03,0.000000000000000000e+00,2.444399391802404287e-02,6.624429492487470261e-01,1.000000000000000000e+00
-1.127568107327166051e-02,0.000000000000000000e+00,-7.112208908176896605e-02,-0.000000000000000000e+00,-3.572811735820591306e-02,0.000000000000000000e+00,0.000000000000000000e+00,6.279813961948458312e-01,1.000000000000000000e+00
-0.000000000000000000e+00,0.000000000000000000e+00,-6.946942920857716863e-02,-0.000000000000000000e+00,-0.000000000000000000e+00,0.000000000000000000e+00,-0.000000000000000000e+00,6.422457437323678686e-01,1.000000000000000000e+00
-8.542775580304848293e-03,0.000000000000000000e+00,-1.402467784051225352e-01,-0.000000000000000000e+00,-9.032395242353871700e-03,0.000000000000000000e+00,-0.000000000000000000e+00,6.510470227747058303e-01,1.000000000000000000e+00
0.000000000000000000e+00,0.000000000000000000e+00,0.000000000000000000e+00,-0.000000000000000000e+00,7.297413742135135106e-02,0.000000000000000000e+00,-4.830994839903797744e-01,4.580142243471471697e-01,1.000000000000000000e+00
0.000000000000000000e+00,0.000000000000000000e+00,0.000000000000000000e+00,-0.000000000000000000e+00,7.297413742135135106e-02,0.000000000000000000e+00,-4.830994839903797744e-01,4.580142243471471697e-01,1.000000000000000000e+00
0.000000000000000000e+00,-3.456455078238890866e-01,2.002111038866135062e-01,-0.000000000000000000e+00,1.206184808593345620e-01,-0.000000000000000000e+00,-4.394063043333319984e-01,-0.000000000000000000e+00,1.000000000000000000e+00
-0.000000000000000000e+00,-2.915299674277419539e-01,1.274565331543141278e-01,-0.000000000000000000e+00,1.431081441109132990e-01,-0.000000000000000000e+00,-4.423056927583458031e-01,-1.148933764734615948e-01,1.000000000000000000e+00
-1.248836809625554316e-02,-2.735321600190088742e-01,8.285445445229719375e-02,-1.453036031922346205e-01,1.481749808546302914e-02,0.000000000000000000e+00,-2.859477897490037002e-01,-3.277450792003203661e-01,1.000000000000000000e+00
-0.000000000000000000e+00,0.000000000000000000e+00,-0.000000000000000000e+00,-0.000000000000000000e+00,-0.000000000000000000e+00,0.000000000000000000e+00,2.131201538132466641e-02,8.189737587293117738e-01,1.000000000000000000e+00
-0.000000000000000000e+00,-0.000000000000000000e+00,-6.524184792335924882e-03,-0.000000000000000000e+00,-0.000000000000000000e+00,0.000000000000000000e+00,0.000000000000000000e+00,8.256543022457680792e-01,1.000000000000000000e+00
-0.000000000000000000e+00,0.000000000000000000e+00,-0.000000000000000000e+00,-0.000000000000000000e+00,-0.000000000000000000e+00,0.000000000000000000e+00,2.225146212709620819e-02,8.280086986603466537e-01,1.000000000000000000e+00
-0.000000000000000000e+00,0.000000000000000000e+00,-0.000000000000000000e+00,-0.000000000000000000e+00,-0.000000000000000000e+00,0.000000000000000000e+00,5.796808652627349207e-02,8.242883515623998791e-01,1.000000000000000000e+00
-0.000000000000000000e+00,0.000000000000000000e+00,-0.000000000000000000e+00,-0.000000000000000000e+00,-0.000000000000000000e+00,0.000000000000000000e+00,7.160264683034375799e-02,8.245652679796834361e-01,1.000000000000000000e+00
0.000000000000000000e+00,0.000000000000000000e+00,-0.000000000000000000e+00,-0.000000000000000000e+00,6.653153792179238024e-02,-0.000000000000000000e+00,-2.368080331367195257e-01,5.992928406757178639e-01,1.000000000000000000e+00
0.000000000000000000e+00,0.000000000000000000e+00,-0.000000000000000000e+00,-1.083068132276900422e-02,6.548332906807180498e-02,-0.000000000000000000e+00,-2.435362483212395179e-01,5.868290765971881928e-01,1.000000000000000000e+00
0.000000000000000000e+00,0.000000000000000000e+00,-0.000000000000000000e+00,-1.360180952882992893e-02,1.822384112832877226e-02,-0.000000000000000000e+00,-9.466966328428869093e-02,7.494913200176912538e-01,1.000000000000000000e+00
-0.000000000000000000e+00,0.000000000000000000e+00,-0.000000000000000000e+00,-1.662693180119961117e-02,4.202002581266268966e-02,-0.000000000000000000e+00,-1.837624034836003450e-01,6.613262377050682650e-01,1.000000000000000000e+00
0.000000000000000000e+00,-0.000000000000000000e+00,-0.000000000000000000e+00,-0.000000000000000000e+00,6.409612394915317757e-02,-0.000000000000000000e+00,-1.870755842608123054e-01,6.539350265308445653e-01,1.000000000000000000e+00
-2.354985622748316521e-01,1.562679799132721814e-01,1.049313814182483845e-01,-0.000000000000000000e+00,0.000000000000000000e+00,-0.000000000000000000e+00,-1.663185088802405787e-01,-4.828749457136998213e-01,1.000000000000000000e+00
-2.803082573489033003e-01,0.000000000000000000e+00,2.389619438930879192e-01,-0.000000000000000000e+00,0.000000000000000000e+00,-0.000000000000000000e+00,-6.845627608775681217e-02,-4.182595379505842370e-01,1.000000000000000000e+00
-2.938798281020449377e-01,-0.000000000000000000e+00,1.700880396151144974e-02,-0.000000000000000000e+00,-0.000000000000000000e+00,0.000000000000000000e+00,-6.909666057625976632e-02,-5.714747005609370767e-01,1.000000000000000000e+00
-3.302957683782338782e-01,0.000000000000000000e+00,0.000000000000000000e+00,-1.859716898885492922e-02,0.000000000000000000e+00,-0.000000000000000000e+00,-1.316140357437388386e-01,-5.517544710840853739e-01,1.000000000000000000e+00
-3.363948871375202487e-01,-0.000000000000000000e+00,3.950203424427535526e-02,0.000000000000000000e+00,-0.000000000000000000e+00,-0.000000000000000000e+00,-5.837326743680962271e-02,-5.677484355793864790e-01,1.000000000000000000e+00
-3.282862207698616364e-01,-3.635101268185055856e-01,0.000000000000000000e+00,-0.000000000000000000e+00,-0.000000000000000000e+00,-0.000000000000000000e+00,-0.000000000000000000e+00,-5.457201111645585412e-01,1.000000000000000000e+00
-3.405079610172656035e-01,-4.027068549645021478e-01,1.388544289373617666e-02,-0.000000000000000000e+00,-0.000000000000000000e+00,0.000000000000000000e+00,-0.000000000000000000e+00,-4.647741912772863082e-01,1.000000000000000000e+00
-2.950380416574028275e-01,-5.369961447467188620e-01,0.000000000000000000e+00,-0.000000000000000000e+00,-0.000000000000000000e+00,0.000000000000000000e+00,-0.000000000000000000e+00,-4.213012309410814060e-01,1.000000000000000000e+00
-2.843016567632923319e-01,-5.603295439381760223e-01,0.000000000000000000e+00,-0.000000000000000000e+00,-0.000000000000000000e+00,-0.000000000000000000e+00,0.000000000000000000e+00,-4.006036964366512798e-01,1.000000000000000000e+00
-2.729432052524781716e-01,-5.729721457662204642e-01,7.395570562958239669e-02,-0.000000000000000000e+00,0.000000000000000000e+00,0.000000000000000000e+00,0.000000000000000000e+00,-3.870355425314253583e-01,1.000000000000000000e+00
-1.399207785783102009e-01,-1.390561977866406063e-01,-0.000000000000000000e+00,-0.000000000000000000e+00,0.000000000000000000e+00,0.000000000000000000e+00,1.030371773596377855e-01,-5.327560388300515148e-01,1.000000000000000000e+00
-8.950168494599393398e-02,-1.787820500665995294e-01,-0.000000000000000000e+00,-0.000000000000000000e+00,0.000000000000000000e+00,0.000000000000000000e+00,0.000000000000000000e+00,-5.995201771409019997e-01,1.000000000000000000e+00
-3.450983780686864288e-01,-0.000000000000000000e+00,0.000000000000000000e+00,-0.000000000000000000e+00,-0.000000000000000000e+00,-0.000000000000000000e+00,1.881888191006639843e-01,-4.285857131364921579e-02,1.000000000000000000e+00
-1.446411179802732372e-01,-3.441056910703543803e-01,-0.000000000000000000e+00,-0.000000000000000000e+00,-0.000000000000000000e+00,0.000000000000000000e+00,1.420232471605495095e-01,-4.163125888495042282e-01,1.000000000000000000e+00
-1.640729116178588631e-01,-3.487975930854053663e-01,-0.000000000000000000e+00,-0.000000000000000000e+00,-0.000000000000000000e+00,0.000000000000000000e+00,2.562394809139303259e-02,-4.617741035675956285e-01,1.000000000000000000e+00
-2.992692680798451077e-01,7.568513423562506226e-02,0.000000000000000000e+00,-0.000000000000000000e+00,-0.000000000000000000e+00,-0.000000000000000000e+00,-0.000000000000000000e+00,-6.280871613427776445e-01,1.000000000000000000e+00
-2.164558665506528257e-01,1.696302982528661019e-01,0.000000000000000000e+00,-0.000000000000000000e+00,-0.000000000000000000e+00,-0.000000000000000000e+00,-0.000000000000000000e+00,-6.592725100025992324e-01,1.000000000000000000e+00
-1.777943554984793284e-01,2.303442659016610716e-01,0.000000000000000000e+00,-0.000000000000000000e+00,-0.000000000000000000e+00,-0.000000000000000000e+00,-0.000000000000000000e+00,-6.599102497539891532e-01,1.000000000000000000e+00
-2.605412303296242293e-01,1.266863938556875568e-01,0.000000000000000000e+00,-0.000000000000000000e+00,-0.000000000000000000e+00,-0.000000000000000000e+00,-0.000000000000000000e+00,-6.322880958723071654e-01,1.000000000000000000e+00
-1.414476947390665429e-01,1.675494194000812231e-01,-0.000000000000000000e+00,-0.000000000000000000e+00,-0.000000000000000000e+00,-0.000000000000000000e+00,-0.000000000000000000e+00,-6.894718838378230963e-01,1.000000000000000000e+00
-1.700313205828037910e-01,-3.134920124616596970e-01,0.000000000000000000e+00,-1.735311814698750343e-01,0.000000000000000000e+00,0.000000000000000000e+00,2.194342236636238549e-02,-4.217513318262312016e-01,1.000000000000000000e+00
-1.113817301991038566e-01,-3.467184716818396129e-01,0.000000000000000000e+00,-6.115081926175254534e-02,-0.000000000000000000e+00,-0.000000000000000000e+00,0.000000000000000000e+00,-5.092816832631571478e-01,1.000000000000000000e+00
-1.115731364916387885e-01,-3.931157603591221017e-01,0.000000000000000000e+00,-1.210990654675714595e-01,-0.000000000000000000e+00,0.000000000000000000e+00,1.161960059828533592e-01,-3.692169433990319938e-01,1.000000000000000000e+00
-1.345943733592049329e-01,-3.865537067063966048e-01,0.000000000000000000e+00,-1.753148914265797720e-01,-0.000000000000000000e+00,-0.000000000000000000e+00,1.454726585684354145e-01,-2.779485770970845926e-01,1.000000000000000000e+00
-1.075903137334908583e-01,-3.323667993868773540e-01,0.000000000000000000e+00,-2.608067841736186887e-01,0.000000000000000000e+00,0.000000000000000000e+00,1.951667794190080074e-01,-9.744644196399085412e-02,1.000000000000000000e+00
-7.157924232320743430e-02,1.360267154782298371e-01,-0.000000000000000000e+00,-0.000000000000000000e+00,0.000000000000000000e+00,-0.000000000000000000e+00,-5.204974309491225970e-01,-2.544681714566842667e-01,1.000000000000000000e+00
-0.000000000000000000e+00,2.074112363689762650e-01,-0.000000000000000000e+00,-0.000000000000000000e+00,0.000000000000000000e+00,-0.000000000000000000e+00,-6.718153134620069578e-01,-1.085817133917472976e-01,1.000000000000000000e+00
-0.000000000000000000e+00,2.712811276722952858e-01,-0.000000000000000000e+00,-0.000000000000000000e+00,0.000000000000000000e+00,-0.000000000000000000e+00,-6.042947096328716849e-01,-1.585970225465841432e-01,1.000000000000000000e+00
-0.000000000000000000e+00,2.721414455741307248e-01,-0.000000000000000000e+00,-0.000000000000000000e+00,0.000000000000000000e+00,-0.000000000000000000e+00,-6.049351419833393084e-01,-1.554306819631103287e-01,1.000000000000000000e+00
-0.000000000000000000e+00,3.010061897683157794e-01,-0.000000000000000000e+00,-0.000000000000000000e+00,0.000000000000000000e+00,-0.000000000000000000e+00,-5.918839436171503543e-01,-1.698080580745296997e-01,1.000000000000000000e+00
-1.961589494530934785e-01,3.215096083759785284e-01,-0.000000000000000000e+00,-1.427576810856243453e-02,1.457545166845349571e-01,-1.115367202711286046e-02,-3.836687117680859793e-01,-8.055884732377140145e-02,1.000000000000000000e+00
-1.247212528512362528e-01,2.483896338213632815e-01,-0.000000000000000000e+00,-1.382549445159777235e-01,-0.000000000000000000e+00,-0.000000000000000000e+00,-4.701746021789700580e-01,-2.472700405933383680e-02,1.000000000000000000e+00
-2.671844628082530870e-01,2.456680833947000042e-01,-0.000000000000000000e+00,-4.150919947352270378e-02,-1.615285734303843201e-01,-0.000000000000000000e+00,-1.432326471119368394e-01,-3.639314983503919576e-01,1.000000000000000000e+00
-1.552804415041789121e-01,3.476599038688181764e-01,-0.000000000000000000e+00,-3.465650580167543016e-01,-0.000000000000000000e+00,-5.924749988331808048e-02,-2.777964980682990914e-01,-0.000000000000000000e+00,1.000000000000000000e+00
-1.981407899919785109e-01,3.520727734948321253e-01,-1.710877275205426040e-02,-2.737274723418331099e-02,2.599547422161223031e-01,-0.000000000000000000e+00,-2.586809556453641967e-01,-0.000000000000000000e+00,1.000000000000000000e+00
-0.000000000000000000e+00,-1.554000173258977546e-01,3.820804628017483995e-01,-3.380997905695216910e-02,-0.000000000000000000e+00,0.000000000000000000e+00,3.778164543485558191e-01,-2.351939660855568992e-01,1.000000000000000000e+00
-0.000000000000000000e+00,-1.566292387320608326e-01,4.205869401045493339e-01,-1.000627439598010884e-02,-0.000000000000000000e+00,0.000000000000000000e+00,3.121797240785575411e-01,-2.447625451783088379e-01,1.000000000000000000e+00
-1.076135768235344375e-02,-2.998468616468098480e-01,3.758496334805400130e-01,-0.000000000000000000e+00,-0.000000000000000000e+00,0.000000000000000000e+00,2.577467153809247513e-01,-3.644451439111727753e-01,1.000000000000000000e+00
-1.549508828015550566e-01,-5.637846826449974813e-01,1.549379290368876061e-01,-4.251519780636804635e-02,-0.000000000000000000e+00,0.000000000000000000e+00,4.754111869901245929e-02,-3.777310948376789712e-01,1.000000000000000000e+00
-6.176698849819890064e-02,-4.495963335919718751e-01,2.503443777035693762e-01,-4.244629122235316770e-02,-0.000000000000000000e+00,0.000000000000000000e+00,1.178674824429400414e-01,-3.816381174358085548e-01,1.000000000000000000e+00
-2.625433781985425652e-02,-2.620724155397957111e-01,-0.000000000000000000e+00,-0.000000000000000000e+00,0.000000000000000000e+00,0.000000000000000000e+00,6.079830946801990654e-01,-2.651828769262110780e-02,1.000000000000000000e+00
-8.889815061790583284e-02,-2.526678918451091826e-01,-0.000000000000000000e+00,-0.000000000000000000e+00,-0.000000000000000000e+00,0.000000000000000000e+00,6.353007994919871448e-01,-0.000000000000000000e+00,1.000000000000000000e+00
-5.973652015099002038e-02,-2.688234781039553489e-01,-0.000000000000000000e+00,-0.000000000000000000e+00,0.000000000000000000e+00,0.000000000000000000e+00,6.075525360814834075e-01,-0.000000000000000000e+00,1.000000000000000000e+00
-1.034111591091752685e-01,-2.675648257543636888e-01,-0.000000000000000000e+00,-3.930167005483951870e-02,0.000000000000000000e+00,0.000000000000000000e+00,5.949463193328290433e-01,-0.000000000000000000e+00,1.000000000000000000e+00
-7.885201054094571893e-02,-3.492037320204592343e-01,-0.000000000000000000e+00,-4.655213694880162845e-02,-0.000000000000000000e+00,0.000000000000000000e+00,5.049979932893683410e-01,-0.000000000000000000e+00,1.000000000000000000e+00
-1.381189265648272435e-01,3.662266229734756351e-01,0.000000000000000000e+00,-0.000000000000000000e+00,-0.000000000000000000e+00,-0.000000000000000000e+00,-0.000000000000000000e+00,-6.886973038701212912e-01,1.000000000000000000e+00
-4.812816096325722715e-02,4.077075763143886422e-01,0.000000000000000000e+00,-0.000000000000000000e+00,-1.063073388262252526e-02,-0.000000000000000000e+00,-4.241145350340477967e-03,-6.128527852185495783e-01,1.000000000000000000e+00
-1.794439801820278402e-01,4.233311903700399115e-01,0.000000000000000000e+00,-0.000000000000000000e+00,-0.000000000000000000e+00,-0.000000000000000000e+00,-0.000000000000000000e+00,-6.021397865014733730e-01,1.000000000000000000e+00
-6.306384064848714888e-02,4.032739970562805309e-01,-0.000000000000000000e+00,-0.000000000000000000e+00,-0.000000000000000000e+00,-0.000000000000000000e+00,-0.000000000000000000e+00,-6.664646258333126738e-01,1.000000000000000000e+00
-5.354879642890101460e-02,4.060905983596355129e-01,-0.000000000000000000e+00,-0.000000000000000000e+00,-0.000000000000000000e+00,-0.000000000000000000e+00,-0.000000000000000000e+00,-6.106496653098484328e-01,1.000000000000000000e+00
-0.000000000000000000e+00,-2.713193942896215960e-01,0.000000000000000000e+00,-9.300775821893003670e-02,-0.000000000000000000e+00,0.000000000000000000e+00,5.909633895668570114e-01,-0.000000000000000000e+00,1.000000000000000000e+00
-0.000000000000000000e+00,-3.736459485481740672e-01,0.000000000000000000e+00,-2.004066748346177429e-01,0.000000000000000000e+00,1.378144706738567218e-02,4.509022071854714708e-01,-0.000000000000000000e+00,1.000000000000000000e+00
-0.000000000000000000e+00,-4.091189441381613001e-01,0.000000000000000000e+00,-2.953598682427432398e-01,-0.000000000000000000e+00,0.000000000000000000e+00,3.568463470262613346e-01,0.000000000000000000e+00,1.000000000000000000e+00
-0.000000000000000000e+00,-2.984429717362656054e-01,0.000000000000000000e+00,-1.751339571717765997e-01,-1.526013882456007074e-02,0.000000000000000000e+00,5.128248193559279411e-01,0.000000000000000000e+00,1.000000000000000000e+00
-4.711207654179879606e-02,-3.001052086619758752e-01,2.879501494719775585e-03,-2.428014419849118255e-01,-1.743174445795840893e-03,0.000000000000000000e+00,4.243685275301113946e-01,-0.000000000000000000e+00,1.000000000000000000e+00
0.000000000000000000e+00,2.739189263638053817e-01,-0.000000000000000000e+00,-0.000000000000000000e+00,0.000000000000000000e+00,-0.000000000000000000e+00,-7.500836183416412783e-01,-1.143597614011873783e-03,1.000000000000000000e+00
0.000000000000000000e+00,2.902965319882499506e-01,-0.000000000000000000e+00,-0.000000000000000000e+00,0.000000000000000000e+00,-0.000000000000000000e+00,-7.293302833063860513e-01,-8.901785766746196649e-03,1.000000000000000000e+00
0.000000000000000000e+00,3.152965156608187880e-01,-0.000000000000000000e+00,-0.000000000000000000e+00,0.000000000000000000e+00,-0.000000000000000000e+00,-7.236150859790301260e-01,-0.000000000000000000e+00,1.000000000000000000e+00
0.000000000000000000e+00,3.737833026894787358e-01,-0.000000000000000000e+00,-0.000000000000000000e+00,1.186674970095670661e-01,-0.000000000000000000e+00,-5.470276099564692629e-01,-6.144185008416978844e-02,1.000000000000000000e+00
0.000000000000000000e+00,2.622220525079327347e-01,-0.000000000000000000e+00,-0.000000000000000000e+00,0.000000000000000000e+00,-0.000000000000000000e+00,-7.017332198017274258e-01,-0.000000000000000000e+00,1.000000000000000000e+00
